Workbook

Sheet BD_DESV
A1: FECHA | B1: PLACA | C1: EMPRESA | D1: NIT | E1: DIRECCIÓN | F1: PROPIETARIO | G1: CEDULA | H1: DIRECCIÓN | I1: RAD PADRE | J1: FECHA RAD- | K1: RESOLUCÓN DESVINCULACIÓN | L1: FECHA DESVINCULACIÓN | M1: OBSERVACIÓN | N1: FUNCIONARIO QUE DESVINCULA | O1: NUEVA EMPRESA | P1: SOLICITANTE | Q1: ESTADO | R1: CORREO ELECTRÓNICO | S1: RECURSO | T1: FECHA RECURSO | U1: OBSERVACIONES
A2: 45306 | B2: VBU725 | C2: COOPERATIVA ESPECIALIZADA DE TRANSPORTE Y SERVICIOS LA ERMITA LTDA. | D2: 890303525 | E2: CALLE 31 # 2BN-106 | F2: ALBA MARINA GOMEZ TORRES | G2: 66700738 | H2: CALLE 11 No. 51-30 | I2: 202441520100144132 | J2: 45644 | K2: 4152.010.21.0.12133 | L2: 45916 | M2: Si se concede | N2: PAOLA ANDREA MATAMOROS | O2: NINGUNA | P2: EMPRESA | Q2: NOTIFICACIÓN DE RESOLUCIÓN
A3: 45306 | B3: VCW646 | C3: RADIO TAXI AEROPUERTO S.A. | D3: 860531135 | E3: CALLE 52 # 1B-160 | F3: ELIZABETH CORTES | G3: 31960535 | H3: heliana999@hotmail.com | I3: 202441730102611572 | J3: 45652 | K3: 4152.010.21.0.00244 | L3: 45691 | M3: Si se concede | N3: PAOLA ANDREA MATAMOROS | O3: TAXIS VALCALI S.A. | P3: PROPIETARIO | Q3: PROCESO TERMINADO
A4: 45306 | B4: GVS650 | C4: TAXIS Y AUTOS CALI S.A.S. | D4: 805013516 | E4: AVENIDA 3N # 39N-35 | F4: LUZ AURORA SANCHEZ MORENO | G4: 66953027 | H4: CARRERA 79 A No. 32 A - 27 | I4: 202441730102621032 | J4: 45654 | K4: 4152.010.21.0.00795 | L4: 45736 | M4: Si se concede | N4: ROCIÓ RAMIREZ ACOSTA | O4: RADIO TAXI AEROPUERTO S.A. | P4: PROPIETARIO | Q4: PROCESO TERMINADO | R4: asesortramites4@carreracali.com
A5: 45435 | B5: VBO899 | C5: COOPERATIVA ESPECIALIZADA DE TRANSPORTE Y SERVICIOS LA ERMITA LTDA. | D5: 890303525 | E5: CALLE 31 # 2BN-106 | F5: EDWAR JAMES FERNANDEZ GOMEZ | G5: 94492712 | I5: 202441520100040232 | J5: 45422 | K5: 4152.010.21.0.1067 | L5: 45497 | M5: Si se concede | N5: PAOLA ANDREA MATAMOROS | O5: NINGUNA | P5: EMPRESA | Q5: PROCESO TERMINADO
A6: 45435 | B6: TZP235 | C6: TRANSPORTADORA EL PRADO LIMITADA | D6: 805010048 | E6: TRANSVERSAL 25 # 23-16 | F6: CLAUDIA PATRICIA ZULUAGA | G6: 66986088 | I6: 202441520100006602 | J6: 45309 | K6: 4152.010.21.0.0083 | L6: 45381 | M6: Si se concede | N6: PAOLA ANDREA MATAMOROS | O6: TAX EXPRESS CALI S.A.S. | P6: PROPIETARIO | Q6: PROCESO TERMINADO
A7: 45435 | B7: VCP101 | C7: TORO AUTOS S.A.S. | D7: 800007748 | E7: AVENIDA VASQUEZ COBO # 25N-68 | F7: MARCELINO GUTIERREZ GARZON | G7: 16246987 | I7: 202441730100586992 | J7: 45352 | K7: 4152.010.21.0.0282 | L7: 45383 | M7: Si se concede | N7: PAOLA ANDREA MATAMOROS | O7: COOPERATIVA MULTIACTIVA DE LOS TAXISTAS DEL AEROPUERTO DE PALMASECA LTDA COOPTAXPAL | P7: PROPIETARIO | Q7: PROCESO TERMINADO
A8: 45435 | B8: WMY186 | C8: RADIO TAXI AEROPUERTO S.A. | D8: 860531135 | E8: CALLE 52 # 1B-160 | F8: OMAIRA ELENA QUICENO | G8: 29925690 | I8: 202441730100954552 | J8: 45393 | K8: 4152.010.21.0.0430 | L8: 45406 | M8: Si se concede | N8: PAOLA ANDREA MATAMOROS | O8: COOPERATIVA MULTIACTIVA DE LOS TAXISTAS DEL AEROPUERTO DE PALMASECA LTDA COOPTAXPAL | P8: PROPIETARIO | Q8: PROCESO TERMINADO
A9: 45435 | B9: VCW476 | C9: RADIO TAXI AEROPUERTO S.A. | D9: 860531135 | E9: CALLE 52 # 1B-160 | F9: ORLANDO HIDALGO HERNANDEZ | G9: 10250005 | I9: 202441730100689452 | J9: 45363 | K9: 4152.010.21.0.0336 | L9: 45392 | M9: Si se concede | N9: PAOLA ANDREA MATAMOROS | O9: COOPERATIVA MULTIACTIVA DE LOS TAXISTAS DEL AEROPUERTO DE PALMASECA LTDA COOPTAXPAL | P9: PROPIETARIO | Q9: PROCESO TERMINADO
A10: 45435 | B10: VCD756 | C10: EMPRESA DE TRANSPORTES CAÑAVERAL S.A. | D10: 800109341 | F10: GILBERTH ANDERSON VILLAMUEZ MUÑOZ | G10: 1005865818 | H10: Carrera 42 B No. 51 - 52 | I10: 202441730100858522 | J10: 45371 | K10: 4152.010.21.0.0869 | L10: 45462 | M10: No se concede | N10: PAOLA ANDREA MATAMOROS | P10: PROPIETARIO | Q10: PROCESO TERMINADO
A11: 45435 | B11: VCI544 | C11: EMPRESA DE TRANSPORTES CAÑAVERAL S.A. | D11: 800109341 | F11: FRAN LEONARDO HERRERA ORTIZ | G11: 94520071 | H11: Carrera 42 B No. 51 - 52 | I11: 202441730100858812 | J11: 45371 | K11: 4152.010.21.0.0871 | L11: 45462 | M11: No se concede | N11: PAOLA ANDREA MATAMOROS | P11: PROPIETARIO | Q11: PROCESO TERMINADO
A12: 45435 | B12: VCC556 | C12: EMPRESA DE TRANSPORTES CAÑAVERAL S.A. | D12: 800109341 | F12: FRAN LEONARDO HERRERA ORTIZ | G12: 94520071 | H12: Carrera 42 B No. 51 - 52 | I12: 202441730100858672 | J12: 45371 | K12: 4152.010.21.0.0868 | L12: 45462 | M12: No se concede | N12: PAOLA ANDREA MATAMOROS | P12: PROPIETARIO | Q12: PROCESO TERMINADO
A13: 45435 | B13: VCT015 | C13: RADIO TAXI AEROPUERTO S.A. | D13: 860531135 | E13: CALLE 52 # 1B-160 | F13: ANGEL MARIA RAMIREZ ORJUELA | G13: 19317155 | I13: 202441520100020372 | J13: 45369 | K13: 4152.010.21.0.0329 | L13: 45391 | M13: No se concede | N13: PAOLA ANDREA MATAMOROS | O13: COOPERATIVA INTEGRAL DE TRANSPORTADORES TROPICANA LTDA. | P13: PROPIETARIO | Q13: PROCESO TERMINADO
A14: 45435 | B14: VCV376 | C14: EL MUNDO DE LOS TAXIS LTDA. | D14: 805029930 | E14: CALLE 25 N # 2 DN-07 | F14: JOSE ROBEIRO GALLEGO | G14: 75069131 | I14: 202441730100173262 | J14: 45313 | K14: 4152.010.21.0.0196 | L14: 45363 | M14: Si se concede | N14: PAOLA ANDREA MATAMOROS | O14: COOPERATIVA MULTIACTIVA DE LOS TAXISTAS DEL AEROPUERTO DE PALMASECA LTDA COOPTAXPAL | P14: PROPIETARIO | Q14: PROCESO TERMINADO
A15: 45435 | B15: VCY633 | C15: RADIO TAXI AEROPUERTO S.A. | D15: 860531135 | E15: CALLE 52 # 1B-160 | F15: ANGEL MARIA RAMIREZ ORJUELA | G15: 19317155 | I15: 202441520100017772 | J15: 45363 | K15: 4152.010.21.0.0337 | L15: 45392 | M15: Si se concede | N15: PAOLA ANDREA MATAMOROS | O15: COOPERATIVA INTEGRAL DE TRANSPORTADORES TROPICANA LTDA. | P15: PROPIETARIO | Q15: PROCESO TERMINADO
A16: 45435 | B16: VCU666 | C16: TORO AUTOS S.A.S. | D16: 800007748 | E16: AVENIDA VASQUEZ COBO # 25N-68 | F16: MILTON ARNULFO CASTRO REVELO | G16: 5348474 | I16: 202441730100172912 | J16: 45313 | K16: 4152.010.21.0.0194 | L16: 45362 | M16: Si se concede | N16: PAOLA ANDREA MATAMOROS | O16: COOPERATIVA MULTIACTIVA DE LOS TAXISTAS DEL AEROPUERTO DE PALMASECA LTDA COOPTAXPAL | P16: PROPIETARIO | Q16: PROCESO TERMINADO
A17: 45435 | B17: VCT477 | C17: TAXIS VALCALI S.A. | D17: 890308720 | E17: TRANSVERSAL 30 # 17F-174 | F17: JAIRO CERON DOMINGUEZ | G17: 16369775 | I17: 202441730100585522 | J17: 45351 | K17: 4152.010.21.0.0274 | L17: 45383 | M17: Si se concede | N17: PAOLA ANDREA MATAMOROS | O17: COOPERATIVA MULTIACTIVA DE LOS TAXISTAS DEL AEROPUERTO DE PALMASECA LTDA COOPTAXPAL | P17: PROPIETARIO | Q17: PROCESO TERMINADO
A18: 45435 | B18: VCZ834 | C18: RADIO TAXI AEROPUERTO S.A. | D18: 860531135 | E18: CALLE 52 # 1B-160 | F18: WILLIAM PECHENE VICTORIA | G18: 16638929 | I18: 202441730100587952 | J18: 45352 | K18: 4152.010.21.0.0275 | L18: 45383 | M18: Si se concede | N18: PAOLA ANDREA MATAMOROS | O18: COOPERATIVA MULTIACTIVA DE LOS TAXISTAS DEL AEROPUERTO DE PALMASECA LTDA COOPTAXPAL | P18: PROPIETARIO | Q18: PROCESO TERMINADO
A19: 45435 | B19: VCU080 | C19: RADIO TAXI AEROPUERTO S.A. | D19: 860531135 | E19: CALLE 52 # 1B-160 | F19: LUIS FERNANDO ZAMORA | G19: 16760575 | I19: 202441730100894822 | J19: 45384 | K19: 4152.010.21.0.0338 | L19: 45392 | M19: Si se concede | N19: PAOLA ANDREA MATAMOROS | O19: COOPERATIVA MULTIACTIVA DE LOS TAXISTAS DEL AEROPUERTO DE PALMASECA LTDA COOPTAXPAL | P19: PROPIETARIO | Q19: PROCESO TERMINADO
A20: 45435 | B20: VCN647 | C20: TORO AUTOS S.A.S. | D20: 800007748 | E20: AVENIDA VASQUEZ COBO # 25N-68 | F20: JORGE GENARO AREVALO CHAMORRO | G20: 98337227 | I20: 202441520100029082 | J20: 45394 | K20: 4152.010.21.0.0580 | L20: 45432 | M20: No se concede | N20: PAOLA ANDREA MATAMOROS | P20: EMPRESA | Q20: PROCESO TERMINADO
A21: 45435 | B21: VCK962 | C21: TORO AUTOS S.A.S. | D21: 800007748 | E21: AVENIDA VASQUEZ COBO # 25N-68 | F21: PERSIDES HILADELFO PRECIADO QUIÑONES | G21: 12912369 | I21: 202441520100029082 | J21: 45394 | K21: 4152.010.21.0.0581 | L21: 45432 | M21: No se concede | N21: PAOLA ANDREA MATAMOROS | O21: NINGUNA | P21: EMPRESA | Q21: PROCESO TERMINADO
A22: 45435 | B22: VCO090 | C22: TORO AUTOS S.A.S. | D22: 800007748 | E22: AVENIDA VASQUEZ COBO # 25N-68 | F22: NICOLAS VILLAMIL GARCIA | G22: 16608346 | I22: 202441520100029082 | J22: 45394 | K22: 4152.010.21.0.0578 | L22: 45432 | M22: No se concede | N22: PAOLA ANDREA MATAMOROS | O22: NINGUNA | P22: EMPRESA | Q22: PROCESO TERMINADO
A23: 45435 | B23: TZO410 | C23: TORO AUTOS S.A.S. | D23: 800007748 | E23: AVENIDA VASQUEZ COBO # 25N-68 | F23: ELKIN DARIO LONDOÑO JIMENEZ | G23: 16535263 | I23: 202441520100029082 | J23: 45394 | K23: 4152.010.21.0.0582 | L23: 45432 | M23: No se concede | N23: PAOLA ANDREA MATAMOROS | O23: NINGUNA | P23: EMPRESA | Q23: PROCESO TERMINADO
A24: 45435 | B24: VCI776 | C24: TORO AUTOS S.A.S. | D24: 800007748 | E24: AVENIDA VASQUEZ COBO # 25N-68 | F24: JUAN CARLOS CALDAS GONZALEZ | G24: 16280009 | I24: 202441520100029082 | J24: 45394 | K24: 4152.010.21.0.0579 | L24: 45432 | M24: No se concede | N24: PAOLA ANDREA MATAMOROS | O24: NINGUNA | P24: EMPRESA | Q24: PROCESO TERMINADO
A25: 45435 | B25: EQK201 | C25: TORO AUTOS S.A.S. | D25: 800007748 | E25: AVENIDA VASQUEZ COBO # 25N-68 | F25: VERONICA PEREZ RINCON | G25: 38886627 | I25: 202441520100029082 | J25: 45394 | K25: 4152.010.21.0.0585 | L25: 45432 | M25: No se concede | N25: PAOLA ANDREA MATAMOROS | O25: NINGUNA | P25: EMPRESA | Q25: PROCESO TERMINADO
A26: 45435 | B26: EQK878 | C26: TORO AUTOS S.A.S. | D26: 800007748 | E26: AVENIDA VASQUEZ COBO # 25N-68 | F26: FLOR MARIA ESTUPIÑAN MONTAÑO | G26: 66940343 | I26: 202441520100029082 | J26: 45394 | K26: 4152.010.21.0.0583 | L26: 45432 | M26: No se concede | N26: PAOLA ANDREA MATAMOROS | O26: NINGUNA | P26: EMPRESA | Q26: PROCESO TERMINADO
A27: 45435 | B27: EQK921 | C27: TORO AUTOS S.A.S. | D27: 800007748 | E27: AVENIDA VASQUEZ COBO # 25N-68 | F27: JOHANNA ORTIZ TORRES | G27: 31712908 | I27: 202441520100029082 | J27: 45394 | K27: 4152.010.21.0.0586 | L27: 45432 | M27: No se concede | N27: PAOLA ANDREA MATAMOROS | O27: NINGUNA | P27: EMPRESA | Q27: PROCESO TERMINADO
A28: 45435 | B28: VCK311 | C28: TORO AUTOS S.A.S. | D28: 800007748 | E28: AVENIDA VASQUEZ COBO # 25N-68 | F28: JESUS ANIBAL ARISTIZABAL ARISTIZABAL | G28: 94528880 | I28: 202441520100029082 | J28: 45394 | K28: 4152.010.21.0.0584 | L28: 45432 | M28: No se concede | N28: PAOLA ANDREA MATAMOROS | O28: NINGUNA | P28: EMPRESA | Q28: PROCESO TERMINADO
A29: 45435 | B29: VCM907 | C29: TORO AUTOS S.A.S. | D29: 800007748 | E29: AVENIDA VASQUEZ COBO # 25N-68 | F29: VICTOR MANUEL CASTILLO ATEHORTUA | G29: 94427599 | I29: 202441520100029082 | J29: 45394 | K29: 4152.010.21.0.0587 | L29: 45432 | M29: No se concede | N29: PAOLA ANDREA MATAMOROS | O29: NINGUNA | P29: EMPRESA | Q29: PROCESO TERMINADO
A30: 45435 | B30: WMW986 | C30: TORO AUTOS S.A.S. | D30: 800007748 | E30: AVENIDA VASQUEZ COBO # 25N-68 | F30: ALEXANDER FLOREZ BANGUERA | G30: 94504677 | I30: 202441520100029082 | J30: 45394 | K30: 4152.010.21.0.0594 | L30: 45432 | M30: No se concede | N30: PAOLA ANDREA MATAMOROS | O30: NINGUNA | P30: EMPRESA | Q30: PROCESO TERMINADO
A31: 45435 | B31: WMW914 | C31: TORO AUTOS S.A.S. | D31: 800007748 | E31: AVENIDA VASQUEZ COBO # 25N-68 | F31: SILVIA MAGALLY GONZALEZ BOLAÑOS | G31: 1107036546 | I31: 202441520100029082 | J31: 45394 | K31: 4152.010.21.0.0595 | L31: 45432 | M31: No se concede | N31: PAOLA ANDREA MATAMOROS | O31: NINGUNA | P31: EMPRESA | Q31: PROCESO TERMINADO
A32: 45435 | B32: VCS551 | C32: TORO AUTOS S.A.S. | D32: 800007748 | E32: AVENIDA VASQUEZ COBO # 25N-68 | F32: ELIZABETH GALLEGO GALVIS | G32: 38681741 | I32: 202441520100029082 | J32: 45394 | K32: 4152.010.21.0.0596 | L32: 45432 | M32: No se concede | N32: PAOLA ANDREA MATAMOROS | O32: NINGUNA | P32: EMPRESA | Q32: PROCESO TERMINADO
... A37: 45442 | B37: VCU986 | C37: TORO AUTOS S.A.S. | D37: 800007748 | E37: AVENIDA VASQUEZ COBO # 25N-68 | F37: RAMON EMILIO QUINTERO | G37: 6370612 | I37: 202441520100029082 | J37: 45394 | K37: 4152.010.21.0.0600 | L37: 45432 | M37: No se concede | N37: PAOLA ANDREA MATAMOROS | O37: NINGUNA | P37: EMPRESA | Q37: PROCESO TERMINADO
A38: 45442 | B38: VCH997 | C38: EMPRESA DE TRANSPORTES CAÑAVERAL S.A. | D38: 800109341 | F38: FRAN LEONARDO HERRERA ORTIZ | G38: 94520071 | H38: CRA 4 No. 13-25 oficina 801 | I38: 202441520100039352 | J38: 45421 | K38: 4152.010.21.0.1058 | L38: 45491 | M38: No se concede | N38: PAOLA ANDREA MATAMOROS | O38: NINGUNA | P38: PROPIETARIO | Q38: PROCESO TERMINADO
A39: 45442 | B39: WMX018 | C39: TORO AUTOS S.A.S. | D39: 800007748 | E39: AVENIDA VASQUEZ COBO # 25N-68 | F39: JAIR CARMONA ARANGO | G39: 18413749 | I39: 202441520100029082 | J39: 45394 | K39: 4152.010.21.0.0761 | L39: 45442 | M39: No se concede | N39: PAOLA ANDREA MATAMOROS | O39: NINGUNA | P39: EMPRESA | Q39: PROCESO TERMINADO
A40: 45442 | B40: VCW622 | C40: TORO AUTOS S.A.S. | D40: 800007748 | E40: AVENIDA VASQUEZ COBO # 25N-68 | F40: OSCAR MAURICIO ESCARRIA VILLEGAS | G40: 16776045 | H40: CRA 46 No. 56 E 55 | I40: 202441520100029082 | J40: 45394 | K40: 4152.010.21.0.0760 | L40: 45442 | M40: No se concede | N40: PAOLA ANDREA MATAMOROS | O40: NINGUNA | P40: EMPRESA | Q40: PROCESO TERMINADO
A41: 45442 | B41: VCW812 | C41: TORO AUTOS S.A.S. | D41: 800007748 | E41: AVENIDA VASQUEZ COBO # 25N-68 | F41: OSCAR MAURICIO ESCARRIA VILLEGAS | G41: 16776045 | I41: 202441520100029082 | J41: 45394 | K41: 4152.010.21.0.0759 | L41: 45442 | M41: No se concede | N41: PAOLA ANDREA MATAMOROS | O41: NINGUNA | P41: EMPRESA | Q41: PROCESO TERMINADO
A42: 45442 | B42: VCW625 | C42: TORO AUTOS S.A.S. | D42: 800007748 | E42: AVENIDA VASQUEZ COBO # 25N-68 | F42: OSCAR MAURICIO ESCARRIA VILLEGAS | G42: 16776045 | I42: 202441520100029082 | J42: 45394 | K42: 4152.010.21.0.0758 | L42: 45442 | M42: No se concede | N42: PAOLA ANDREA MATAMOROS | O42: NINGUNA | P42: EMPRESA | Q42: PROCESO TERMINADO
A43: 45442 | B43: VCG387 | C43: TORO AUTOS S.A.S. | D43: 800007748 | E43: AVENIDA VASQUEZ COBO # 25N-68 | F43: LUIS ENRIQUE MORALES YILMA MORALES GARCIA | G43: 16749920 31992006 | I43: 202441520100029082 | J43: 45394 | K43: 4152.010.21.0.0757 | L43: 45442 | M43: No se concede | N43: PAOLA ANDREA MATAMOROS | O43: NINGUNA | P43: EMPRESA | Q43: PROCESO TERMINADO
A44: 45442 | B44: VCK566 | C44: TORO AUTOS S.A.S. | D44: 800007748 | E44: AVENIDA VASQUEZ COBO # 25N-68 | F44: JORGE ELIECER FAJARDO MANCERA | G44: 14440457 | I44: 202441520100029082 | J44: 45394 | K44: 4152.010.21.0.0764 | L44: 45442 | M44: No se concede | N44: PAOLA ANDREA MATAMOROS | O44: NINGUNA | P44: EMPRESA | Q44: PROCESO TERMINADO
A45: 45442 | B45: VCW649 | C45: TORO AUTOS S.A.S. | D45: 800007748 | E45: AVENIDA VASQUEZ COBO # 25N-68 | F45: OSCAR MAURICIO ESCARRIA VILLEGAS | G45: 16776045 | H45: Carrera 46 No. 56 E 55 | I45: 202441520100029082 | J45: 45394 | K45: 4152.010.21.0.0763 | L45: 45442 | M45: No se concede | N45: PAOLA ANDREA MATAMOROS | O45: NINGUNA | P45: EMPRESA | Q45: PROCESO TERMINADO
A46: 45442 | B46: VCW441 | C46: TORO AUTOS S.A.S. | D46: 800007748 | E46: AVENIDA VASQUEZ COBO # 25N-68 | F46: OSCAR MAURICIO ESCARRIA VILLEGAS | G46: 16776045 | I46: 202441520100029082 | J46: 45394 | K46: 4152.010.21.0.0788 | L46: 45447 | M46: No se concede | N46: PAOLA ANDREA MATAMOROS | O46: NINGUNA | P46: EMPRESA | Q46: PROCESO TERMINADO
A47: 45442 | B47: VCN334 | C47: TORO AUTOS S.A.S. | D47: 800007748 | E47: AVENIDA VASQUEZ COBO # 25N-68 | F47: LIZETH FERNANDA ALVEAR TORO | G47: 1107071699 | I47: 202441520100029082 | J47: 45394 | K47: 4152.010.21.0.0798 | L47: 45447 | M47: No se concede | N47: PAOLA ANDREA MATAMOROS | O47: NINGUNA | P47: EMPRESA | Q47: PROCESO TERMINADO
A48: 45442 | B48: VCK798 | C48: TORO AUTOS S.A.S. | D48: 800007748 | E48: AVENIDA VASQUEZ COBO # 25N-68 | F48: EDINSON SAIN GOMEZ | G48: 94533676 | I48: 202441520100029082 | J48: 45394 | K48: 4152.010.21.0.0790 | L48: 45447 | M48: No se concede | N48: PAOLA ANDREA MATAMOROS | O48: NINGUNA | P48: EMPRESA | Q48: PROCESO TERMINADO
A49: 45442 | B49: VCU773 | C49: TORO AUTOS S.A.S. | D49: 800007748 | E49: AVENIDA VASQUEZ COBO # 25N-68 | F49: ALVARO DAZA ESPINOSA | G49: 16671149 | I49: 202441520100029082 | J49: 45394 | K49: 4152.010.21.0.0791 | L49: 45447 | M49: No se concede | N49: PAOLA ANDREA MATAMOROS | O49: NINGUNA | P49: EMPRESA | Q49: PROCESO TERMINADO
A50: 45442 | B50: VCU086 | C50: TORO AUTOS S.A.S. | D50: 800007748 | E50: AVENIDA VASQUEZ COBO # 25N-68 | F50: OSCAR MAURICIO ESCARRIA VILLEGAS | G50: 16776045 | I50: 202441520100029082 | J50: 45394 | K50: 4152.010.21.0.0792 | L50: 45447 | M50: No se concede | N50: PAOLA ANDREA MATAMOROS | O50: NINGUNA | P50: EMPRESA | Q50: PROCESO TERMINADO
A51: 45442 | B51: VCW335 | C51: TORO AUTOS S.A.S. | D51: 800007748 | E51: AVENIDA VASQUEZ COBO # 25N-68 | F51: OSCAR MAURICIO ESCARRIA VILLEGAS | G51: 16776045 | I51: 202441520100029082 | J51: 45394 | K51: 4152.010.21.0.0793 | L51: 45447 | M51: No se concede | N51: PAOLA ANDREA MATAMOROS | O51: NINGUNA | P51: EMPRESA | Q51: PROCESO TERMINADO
A52: 45442 | B52: EQK526 | C52: TORO AUTOS S.A.S. | D52: 800007748 | E52: AVENIDA VASQUEZ COBO # 25N-68 | F52: JORGE GENARO AREVALO CHAMORRO | G52: 98337227 | I52: 202441520100029082 | J52: 45394 | K52: 4152.010.21.0.0794 | L52: 45447 | M52: No se concede | N52: PAOLA ANDREA MATAMOROS | O52: NINGUNA | P52: EMPRESA | Q52: PROCESO TERMINADO
A53: 45442 | B53: EQK444 | C53: TORO AUTOS S.A.S. | D53: 800007748 | E53: AVENIDA VASQUEZ COBO # 25N-68 | F53: ESPERANZA PERLAZA OROBIO | G53: 36810277 | I53: 202441520100029082 | J53: 45394 | K53: 4152.010.21.0.0786 | L53: 45447 | M53: No se concede | N53: PAOLA ANDREA MATAMOROS | O53: NINGUNA | P53: EMPRESA | Q53: PROCESO TERMINADO
A54: 45442 | B54: VCV793 | C54: TORO AUTOS S.A.S. | D54: 800007748 | E54: AVENIDA VASQUEZ COBO # 25N-68 | F54: EMILIA MARADEY SANCHEZ | G54: 51836558 | I54: 202441520100029082 | J54: 45394 | K54: 4152.010.21.0.0787 | L54: 45447 | M54: No se concede | N54: PAOLA ANDREA MATAMOROS | O54: NINGUNA | P54: EMPRESA | Q54: PROCESO TERMINADO
A55: 45448 | B55: TZO185 | C55: TORO AUTOS S.A.S. | D55: 800007748 | E55: AVENIDA VASQUEZ COBO # 25N-68 | I55: 202441520100029082 | J55: 45394 | K55: 4152.010.21.0.0810 | L55: 45450 | M55: Desistimiento Tacito | N55: PAOLA ANDREA MATAMOROS | O55: NINGUNA | P55: EMPRESA | Q55: PROCESO TERMINADO
A56: 45454 | B56: NCD792 | C56: COOPERATIVA ESPECIALIZADA DE TRANSPORTE Y SERVICIOS LA ERMITA LTDA. | D56: 890303525 | E56: CALLE 31 # 2BN-106 | F56: JULIO EDUARDO ARBOLEDA CARBONELL | G56: 10064203 | H56: Calle 30 No. 26 - 32 -TULUA | I56: 202441520100047662 | J56: 45443 | K56: 4152.010.21.0.16726 | L56: 45526 | M56: Si se concede | N56: PAOLA ANDREA MATAMOROS | P56: EMPRESA | Q56: PROCESO TERMINADO
A57: 45454 | B57: VBU725 | C57: COOPERATIVA ESPECIALIZADA DE TRANSPORTE Y SERVICIOS LA ERMITA LTDA. | D57: 890303525 | E57: CALLE 31 # 2BN-106 | F57: ALBA MARINA GOMEZ TORRES | G57: 66700738 | I57: 202441520100047622 | J57: 45443 | M57: No se concede | N57: PAOLA ANDREA MATAMOROS | O57: NINGUNA | P57: EMPRESA | Q57: PROCESO TERMINADO
A58: 45461 | B58: VCW440 | C58: RADIO TAXI AEROPUERTO S.A. | D58: 860531135 | E58: CALLE 52 # 1B-160 | F58: NORBERTO GUTIERREZ OSPINA | G58: 16558875 | H58: Calle 5 A No. 22-36 | I58: 202441730101360792 | J58: 45457 | K58: 4152.010.21.0.0870 | L58: 45462 | M58: Si se concede | N58: PAOLA ANDREA MATAMOROS | O58: EMPRESA DE TRANSPORTES DE TAXIS SINTRANSPUBLIC S.A. | P58: PROPIETARIO | Q58: PROCESO TERMINADO
A59: 45463 | B59: IAF586 | C59: COOPERATIVA ESPECIALIZADA DE TRANSPORTE Y SERVICIOS LA ERMITA LTDA. | D59: 890303525 | E59: CALLE 31 # 2BN-106 | F59: MOISES CRIOLLO MACUACE | G59: 1814361 | H59: SIN REGISTRO | I59: 202441730101307252 | J59: 45450 | K59: 4152.010.21.0.16612 | L59: 45512 | M59: No se concede | N59: PAOLA ANDREA MATAMOROS | O59: NINGUNA | P59: EMPRESA | Q59: PROCESO TERMINADO
A60: 45463 | B60: RCB168 | C60: COOPERATIVA ESPECIALIZADA DE TRANSPORTE Y SERVICIOS LA ERMITA LTDA. | D60: 890303525 | E60: CALLE 31 # 2BN-106 | F60: LUIS ERNESTO MARROQUIN MARROQUIN | G60: 6048140 | H60: Av. 15 OE No. 15-70 | I60: 202441730101307112 | J60: 45450 | K60: 4152.010.21.0.16863 | L60: 45539 | M60: No se concede | N60: PAOLA ANDREA MATAMOROS | O60: NINGUNA | P60: EMPRESA | Q60: PROCESO TERMINADO
A61: 45463 | B61: NPJ439 | C61: COOPERATIVA ESPECIALIZADA DE TRANSPORTE Y SERVICIOS LA ERMITA LTDA. | D61: 890303525 | E61: CALLE 31 # 2BN-106 | F61: HUGO HERNEY GARCIA GONZALEZ | G61: 6095980 | H61: Carrera 12 E 62 -44 | I61: 202441520100049042 | J61: 45450 | K61: 4152.010.21.0.16862 | L61: 45447 | M61: Si se concede | N61: PAOLA ANDREA MATAMOROS | P61: EMPRESA | Q61: PROCESO TERMINADO
A62: 45463 | B62: AJE375 | C62: COOPERATIVA ESPECIALIZADA DE TRANSPORTE Y SERVICIOS LA ERMITA LTDA. | D62: 890303525 | E62: CALLE 31 # 2BN-106 | F62: JUAN NICOLAS YEPES | G62: 70322703 | H62: Vereda San Esteban arriba de la escuela San Esteban | I62: 202441520100049022 | J62: 45450 | K62: 4152.010.21.0.16861 | L62: 45539 | M62: Si se concede | N62: PAOLA ANDREA MATAMOROS | P62: EMPRESA | Q62: PROCESO TERMINADO
A63: 45463 | B63: NNE072 | C63: COOPERATIVA ESPECIALIZADA DE TRANSPORTE Y SERVICIOS LA ERMITA LTDA. | D63: 890303525 | E63: CALLE 31 # 2BN-106 | F63: FABIAN DAVALOS QUINTERO | G63: 16721304 | H63: Calle 8 Oeste 36-10 | I63: 202441730101307162 | J63: 45450 | K63: 4152.010.21.0.16860 | L63: 45539 | M63: No se concede | N63: PAOLA ANDREA MATAMOROS | O63: NINGUNA | P63: EMPRESA | Q63: PROCESO TERMINADO
A64: 45463 | B64: NPJ592 | C64: COOPERATIVA ESPECIALIZADA DE TRANSPORTE Y SERVICIOS LA ERMITA LTDA. | D64: 890303525 | E64: CALLE 31 # 2BN-106 | F64: HERNAN PLAZA | G64: 14931068 | H64: La Cruz | I64: 202441730101307432 | J64: 45450 | K64: 4152.010.21.0.16866 | L64: 45539 | M64: No se concede | N64: PAOLA ANDREA MATAMOROS | O64: NINGUNA | P64: EMPRESA | Q64: PROCESO TERMINADO
A65: 45463 | B65: MBA562 | C65: COOPERATIVA ESPECIALIZADA DE TRANSPORTE Y SERVICIOS LA ERMITA LTDA. | D65: 890303525 | E65: CALLE 31 # 2BN-106 | F65: RAFAEL NOE FIGUEROA | G65: 6402051 | H65: Calle 77 No. 26 S 31 | I65: 202441730101307002 | J65: 45450 | K65: 4152.010.21.0.16613 | L65: 45512 | M65: No se concede | N65: PAOLA ANDREA MATAMOROS | O65: NINGUNA | P65: EMPRESA | Q65: PROCESO TERMINADO
A66: 45463 | B66: WLJ322 | C66: COOPERATIVA ESPECIALIZADA DE TRANSPORTE Y SERVICIOS LA ERMITA LTDA. | D66: 890303525 | E66: CALLE 31 # 2BN-106 | F66: JAVIER CARABALI MOLINA | G66: 16663982 | H66: Calle 42 No. 86-85 | I66: 202441730101307572 | J66: 45450 | K66: 4152.010.21.0.16865 | L66: 45539 | M66: No se concede | N66: PAOLA ANDREA MATAMOROS | O66: NINGUNA | P66: EMPRESA | Q66: PROCESO TERMINADO
A67: 45463 | B67: LKE161 | C67: COOPERATIVA ESPECIALIZADA DE TRANSPORTE Y SERVICIOS LA ERMITA LTDA. | D67: 890303525 | E67: CALLE 31 # 2BN-106 | F67: LUIS ERNESTO MARROQUIN MARROQUIN | G67: 6048140 | H67: Av. 15 OE No. 15-70 | I67: 202441730101307072 | J67: 45450 | K67: 4152.010.21.0.16864 | L67: 45539 | M67: No se concede | N67: PAOLA ANDREA MATAMOROS | O67: NINGUNA | P67: EMPRESA | Q67: PROCESO TERMINADO
A68: 45463 | B68: VJJ113 | C68: COOPERATIVA ESPECIALIZADA DE TRANSPORTE Y SERVICIOS LA ERMITA LTDA. | D68: 890303525 | E68: CALLE 31 # 2BN-106 | F68: JUAN B MORENO | G68: 139465 | H68: Kr 17 A No. 123-06 BOGOTA D.C | I68: 202441730101307372 | J68: 45450 | K68: 4152.010.21.0.16614 | L68: 45512 | M68: No se concede | N68: PAOLA ANDREA MATAMOROS | O68: NINGUNA | P68: EMPRESA | Q68: PROCESO TERMINADO
A69: 45463 | B69: VBC902 | C69: COOPERATIVA ESPECIALIZADA DE TRANSPORTE Y SERVICIOS LA ERMITA LTDA. | D69: 890303525 | E69: CALLE 31 # 2BN-106 | F69: GLORIA EDNA BOLIVAR JIMENEZ | G69: 31272987 | H69: SIN REGISTRO | I69: 202441730101307322 | J69: 45450 | K69: 4152.010.21.0.1068 | L69: 45497 | M69: No se concede | N69: PAOLA ANDREA MATAMOROS | O69: NINGUNA | P69: EMPRESA | Q69: PROCESO TERMINADO
A70: 45467 | B70: VCW474 | C70: COOPERATIVA INTEGRAL DE TRANSPORTADORES TAXIS EL TRIUNFO | D70: 890304705 | E70: CARRERA 44 # 15-57 | F70: ALVARO LENIS PALACIO | G70: 16750858 | H70: Calle 5 A No. 22-36 | I70: 202441730101297932 | J70: 45449 | K70: 4152.010.21.0.0839 | L70: 45457 | M70: Si se concede | N70: PAOLA ANDREA MATAMOROS | O70: COOPERATIVA MULTIACTIVA DE LOS TAXISTAS DEL AEROPUERTO DE PALMASECA LTDA COOPTAXPAL | P70: PROPIETARIO | Q70: PROCESO TERMINADO
A71: 45467 | B71: VBB877 | C71: COOPERATIVA ESPECIALIZADA DE TRANSPORTE Y SERVICIOS LA ERMITA LTDA. | D71: 890303525 | E71: CALLE 31 # 2BN-106 | F71: SAMUEL EMILIO CHAVEZ T | G71: 79324929 | H71: SIN REGISTRO | I71: 202441730101306712 | J71: 45450 | M71: No se concede | N71: PAOLA ANDREA MATAMOROS | O71: NINGUNA | P71: EMPRESA | Q71: PROCESO TERMINADO
A72: 45467 | B72: VJG813 | C72: COOPERATIVA ESPECIALIZADA DE TRANSPORTE Y SERVICIOS LA ERMITA LTDA. | D72: 890303525 | E72: CALLE 31 # 2BN-106 | F72: MARCO ALDEMIR SANCHEZ QUINTERO | G72: 16671646 | H72: Carrera 46 D No. 48-89 | I72: 202441730101306752 | J72: 45450 | M72: No se concede | N72: PAOLA ANDREA MATAMOROS | O72: NINGUNA | P72: EMPRESA | Q72: PROCESO TERMINADO
A73: 45467 | B73: VBQ112 | C73: COOPERATIVA ESPECIALIZADA DE TRANSPORTE Y SERVICIOS LA ERMITA LTDA. | D73: 890303525 | E73: CALLE 31 # 2BN-106 | F73: YOLANDA LOPEZ MONTOYA | G73: 31254370 | H73: Carrera 14 A No. 35-36 | I73: 202441730101269462 | J73: 45450 | K73: 4152.010.21.0.16727 | L73: 45526 | M73: Si se concede | N73: PAOLA ANDREA MATAMOROS | O73: NINGUNA | P73: EMPRESA | Q73: PROCESO TERMINADO
A74: 45467 | B74: MCA661 | C74: COOPERATIVA ESPECIALIZADA DE TRANSPORTE Y SERVICIOS LA ERMITA LTDA. | D74: 890303525 | E74: CALLE 31 # 2BN-106 | F74: JUAN BAUTISTA TABORDA BETANCOURT | G74: 14992611 | H74: SIN REGISTRO | I74: 202441730101269402 | J74: 45450 | K74: 4152.010.21.0.16615 | L74: 45512 | M74: Si se concede | N74: PAOLA ANDREA MATAMOROS | O74: NINGUNA | P74: EMPRESA | Q74: PROCESO TERMINADO
A75: 45467 | B75: MBB684 | C75: COOPERATIVA DE TRANSPORTADORES UNIDOS COOTRANSUNIDOS | D75: 805005911 | E75: CALLE 1 OESTE # 52-01 | F75: MARIA MERCEDES CAMPO | G75: 31850004 | H75: Calle 7 Oets enum 2 84 | I75: 202441520100053242 | J75: 45460 | K75: 4152.010.21.0.16565 | L75: 45504 | M75: Si se concede | N75: PAOLA ANDREA MATAMOROS | P75: MUTUO ACUERDO | Q75: PROCESO TERMINADO
A76: 45471 | B76: WMV900 | C76: TAXIS VALCALI S.A. | D76: 890308720 | E76: TRANSVERSAL 30 # 17F-174 | F76: MARIA DAMARIS BALANTA LASSO | G76: 31880812 | H76: Calle 5 A No. 22-36 | I76: 202441730101366622 | J76: 45460 | K76: 4152.010.21.0.0984 | L76: 45477 | M76: Si se concede | N76: PAOLA ANDREA MATAMOROS | O76: COOPERATIVA MULTIACTIVA DE LOS TAXISTAS DEL AEROPUERTO DE PALMASECA LTDA COOPTAXPAL | P76: PROPIETARIO | Q76: PROCESO TERMINADO
A77: 45471 | B77: WMW120 | C77: TAXIS Y AUTOS CALI S.A.S. | D77: 805013516 | E77: AVENIDA 3N # 39N-35 | F77: CONSUELO AGUIRRE GARCIA | G77: 31417284 | H77: Carrera 1 A 2 No. 73 Bis 55 | I77: 202441520100051662 | J77: 45455 | K77: 4152.010.21.0.18809 | L77: 45638 | M77: Desistimiento Tacito | N77: PAOLA ANDREA MATAMOROS | O77: NINGUNA | P77: PROPIETARIO | Q77: PROCESO TERMINADO
A78: 45475 | B78: TZP446 | C78: TAX EMPERADOR S.A.S. | D78: 890307467 | E78: CARRERA 70 # 1-36 OESTE | F78: WILLIAM ORDOÑEZ LOPEZ | G78: 16672324 | I78: 202441730100844332 | J78: 45370 | K78: 4152.010.21.0.0330 | L78: 45391 | M78: Si se concede | N78: PAOLA ANDREA MATAMOROS | O78: COOPERATIVA MULTIACTIVA DE LOS TAXISTAS DEL AEROPUERTO DE PALMASECA LTDA COOPTAXPAL | P78: PROPIETARIO | Q78: PROCESO TERMINADO
A79: 45478 | B79: EQM016 | C79: EMPRESA DE TRANSPORTES DE TAXIS SINTRANSPUBLIC S.A. | D79: 890306749 | E79: CALLE 5A # 22-36 | F79: LUZ ALBA HERNANDEZ DE CASTIBLANCO | G79: 38978890 | H79: Carrera 44 No. 26 E 12 | I79: 202441520100058442 | J79: 45471 | K79: 4152.010.21.0.1066 | L79: 45497 | M79: Si se concede | N79: PAOLA ANDREA MATAMOROS | O79: TAXIS VALCALI S.A. | P79: PROPIETARIO | Q79: PROCESO TERMINADO
A80: 45478 | B80: JKH672 | C80: COOPERATIVA ESPECIALIZADA DE TRANSPORTE Y SERVICIOS LA ERMITA LTDA. | D80: 890303525 | E80: CALLE 31 # 2BN-106 | F80: RAMIRO LOZADA GASCA | G80: 1485860 | H80: SIN REGISTRO | I80: 202441730101306562 | J80: 45450 | M80: No se concede | N80: PAOLA ANDREA MATAMOROS | O80: NINGUNA | P80: EMPRESA | Q80: PROCESO TERMINADO
A81: 45484 | B81: VCI831 | C81: EMPRESA DE TRANSPORTES SANTIAGO DE CALI ALAMEDA S.A. | D81: 890301295 | E81: CARRERA 70 # 1-71 | F81: ALEJANDRO TORRES GIRALDO | G81: 6106607 | H81: alejandro.tor40@gmail.com | I81: 202441520100007032 | J81: 45310 | K81: 4152.010.21.0.0126 | L81: 45348 | M81: Si se concede | N81: PAOLA ANDREA MATAMOROS | P81: MUTUO ACUERDO | Q81: PROCESO TERMINADO
A82: 45484 | B82: VCC157 | C82: EMPRESA DE TRANSPORTES SANTIAGO DE CALI ALAMEDA S.A. | D82: 890301295 | E82: CARRERA 70 # 1-71 | F82: FLOR ANGELA LEMOS SARRIA | G82: 66819631 | I82: 202441520100015442 | J82: 45357 | K82: 4152,010,21,0,0395 | L82: 45400 | M82: RECURSO- SE REPONE | N82: PAOLA ANDREA MATAMOROS | P82: MUTUO ACUERDO | Q82: PROCESO TERMINADO
A83: 45498 | B83: VCG679 | C83: EMPRESA DE TRANSPORTES CAÑAVERAL S.A. | D83: 800109341 | F83: ANTONIO RICAURTE OROZCO FERNANDEZ | G83: 1446621 | I83: 202441730101516972 | J83: 45482 | K83: 4152.010.21.0.16617 | L83: 45512 | M83: Desistimiento Tacito | N83: PAOLA ANDREA MATAMOROS | O83: NINGUNA | P83: EMPRESA | Q83: PROCESO TERMINADO
A84: 45498 | B84: TZO278 | C84: RADIO TAXI AEROPUERTO S.A. | D84: 860531135 | E84: CALLE 52 # 1B-160 | F84: FLOR LILIANA MONTOYA DUQUE | G84: 34374076 | H84: CALLE 5 A No. 22-36 | I84: 202441730101547852 | J84: 45488 | K84: 4152.010.21.0.16567 | L84: 45504 | M84: Si se concede | N84: PAOLA ANDREA MATAMOROS | O84: EMPRESA DE TRANSPORTES DE TAXIS SINTRANSPUBLIC S.A. | P84: PROPIETARIO | Q84: PROCESO TERMINADO
A85: 45498 | B85: VCP708 | C85: TAXIS VALCALI S.A. | D85: 890308720 | E85: TRANSVERSAL 30 # 17F-174 | F85: GLORIA STELLA RENDON GOMEZ | G85: 66816605 | H85: CALLE 5 A No. 22-36 | I85: 202441730101566952 | J85: 45490 | K85: 4152.010.21.0.16568 | L85: 45504 | M85: Si se concede | N85: PAOLA ANDREA MATAMOROS | O85: EMPRESA DE TRANSPORTES DE TAXIS SINTRANSPUBLIC S.A. | P85: PROPIETARIO | Q85: PROCESO TERMINADO
A86: 45498 | B86: TZP915 | C86: EMPRESA DE TRANSPORTADORES UNION DE TAXISTAS S.A. | D86: 891901074 | E86: CALLE 5A # 23-08 | F86: HUGO ANDRES FRANCO BRAVO | G86: 6549440 | H86: CALLE 5 A No. 22-36 | I86: 202441730101572452 | J86: 45491 | K86: 4152.010.21.0.16569 | L86: 45504 | M86: Si se concede | N86: PAOLA ANDREA MATAMOROS | O86: EMPRESA DE TRANSPORTES DE TAXIS SINTRANSPUBLIC S.A. | P86: EMPRESA | Q86: PROCESO TERMINADO
A87: 45498 | B87: VCM683 | C87: EL MUNDO DE LOS TAXIS LTDA. | D87: 805029930 | E87: CALLE 25 N # 2 DN-07 | F87: VICTOR MANUEL LOZANO ALDANA | G87: 3131367 | H87: CALLE 5 A No. 22-36 | I87: 202441730101608762 | J87: 45496 | K87: 4152.010.21.0.16566 | L87: 45504 | M87: Si se concede | N87: PAOLA ANDREA MATAMOROS | O87: EMPRESA DE TRANSPORTES DE TAXIS SINTRANSPUBLIC S.A. | P87: PROPIETARIO | Q87: PROCESO TERMINADO
A88: 45503 | B88: EQL047 | C88: RADIO TAXI AEROPUERTO S.A. | D88: 860531135 | E88: CALLE 52 # 1B-160 | F88: GUILLERMO ALBERTO VELASCO DUQUE | G88: 94503479 | H88: CALLE 5 No. 22-36 | I88: 202441730101651042 | J88: 45503 | K88: 4152.010.21.0.16616 | L88: 45512 | M88: Si se concede | N88: PAOLA ANDREA MATAMOROS | O88: EMPRESA DE TRANSPORTES DE TAXIS SINTRANSPUBLIC S.A. | P88: PROPIETARIO | Q88: PROCESO TERMINADO
A89: 45519 | B89: VCT949 | C89: TORO AUTOS S.A.S. | D89: 800007748 | E89: AVENIDA VASQUEZ COBO # 25N-68 | F89: PEDRO CASTILLO FIGUEROA | G89: 15243527 | H89: CALLE 5 No. 22-36 | I89: 202441730101732352 | J89: 45516 | K89: 4152.010.21.0.16725 | L89: 45526 | M89: Si se concede | N89: PAOLA ANDREA MATAMOROS | O89: EMPRESA DE TRANSPORTES DE TAXIS SINTRANSPUBLIC S.A. | P89: PROPIETARIO | Q89: PROCESO TERMINADO
A90: 45541 | B90: TZO585 | C90: TAXIS VALCALI S.A. | D90: 890308720 | E90: TRANSVERSAL 30 # 17F-174 | F90: DAVID EVELIO MURILLO RAMOS | G90: 1130670620 | H90: CALLE 5 No. 22-36 | I90: 202441730101881112 | J90: 45538 | K90: 4152.010.21.0.17561 | L90: 45545 | M90: Si se concede | N90: PAOLA ANDREA MATAMOROS | O90: EMPRESA DE TRANSPORTES DE TAXIS SINTRANSPUBLIC S.A. | P90: PROPIETARIO | Q90: PROCESO TERMINADO | S90: 4152.010.21.0.18239 | T90: 45594
A91: 45551 | B91: VCJ765 | C91: EMPRESA DE TRANSPORTADORES UNION DE TAXISTAS S.A. | D91: 891901074 | E91: CALLE 5A # 23-08 | F91: JOSE SAMUEL MURILLO MARIN | G91: 16951933 | H91: CALLE 5 No. 22-36 | I91: 202441730101944612 | J91: 45547 | K91: 4152.010.21.0.17803 | L91: 45568 | M91: Si se concede | N91: PAOLA ANDREA MATAMOROS | O91: EMPRESA DE TRANSPORTES DE TAXIS SINTRANSPUBLIC S.A. | P91: PROPIETARIO | Q91: PROCESO TERMINADO
A92: 45552 | B92: VCH775 | C92: TORO AUTOS S.A.S. | D92: 800007748 | E92: AVENIDA VASQUEZ COBO # 25N-68 | F92: HAROLD WANDERLINDER ARIZA | G92: 94449582 | H92: CALLE 6 No. 73-09 sintranspublic.notificasiones@gmail.com | I92: 202441730101968352 | J92: 45551 | K92: 4152.010.21.0.17804 | L92: 45568 | M92: Si se concede | N92: PAOLA ANDREA MATAMOROS | O92: EMPRESA DE TRANSPORTES DE TAXIS SINTRANSPUBLIC S.A. | P92: PROPIETARIO | Q92: PROCESO TERMINADO
A93: 45565 | B93: VCT891 | C93: TORO AUTOS S.A.S. | D93: 800007748 | E93: AVENIDA VASQUEZ COBO # 25N-68 | F93: KATHERIN MARIE MEDINA RENDON | G93: 31305777 | H93: Carrera 26 K No. 44-27 - vilmarendon5@gmail.com | I93: 202441730101997992 | J93: 45554 | M93: No se concede | N93: PAOLA ANDREA MATAMOROS | O93: NINGUNA | P93: MUTUO ACUERDO | Q93: PROCESO TERMINADO
A94: 45566 | B94: VCM332 | C94: RADIO TAXI AEROPUERTO S.A. | D94: 860531135 | E94: CALLE 52 # 1B-160 | F94: CARLOS ALBERTO DURANGO CORTES | G94: 16715710 | H94: CALLE 5 No. 22-36 - sintranspublic.notificaciones@gmail.com | I94: 202441730102050552 | J94: 45561 | K94: 4152.010.21.0.17805 | L94: 45568 | M94: Si se concede | N94: PAOLA ANDREA MATAMOROS | O94: EMPRESA DE TRANSPORTES DE TAXIS SINTRANSPUBLIC S.A. | P94: PROPIETARIO | Q94: PROCESO TERMINADO
A95: 45586 | B95: VCR796 | C95: TAXIS VALCALI S.A. | D95: 890308720 | E95: TRANSVERSAL 30 # 17F-174 | F95: ARBEY MEDARDO SOLARTE ERASO | G95: 15810993 | H95: CALLE 5 No. 22-36 - sintranspublic.notificaciones@gmail.com | I95: 202441730102189952 | J95: 45582 | K95: 4152.010.21.0.18228 | L95: 45594 | M95: Si se concede | N95: PAOLA ANDREA MATAMOROS | O95: EMPRESA DE TRANSPORTES DE TAXIS SINTRANSPUBLIC S.A. | P95: PROPIETARIO | Q95: PROCESO TERMINADO
A96: 45608 | B96: IAF586 | C96: COOPERATIVA ESPECIALIZADA DE TRANSPORTE Y SERVICIOS LA ERMITA LTDA. | D96: 890303525 | E96: CALLE 31 # 2BN-106 | F96: MOISES CRIOLLO MACUACE | G96: 1814361 | H96: SIN REGISTRO | I96: 202441520100121582 | J96: 45601 | K96: 4152.010.21.0.18854 | L96: 45649 | M96: Si se concede | N96: PAOLA ANDREA MATAMOROS | O96: NINGUNA | P96: EMPRESA | Q96: PROCESO TERMINADO
A97: 45608 | B97: NPJ592 | C97: COOPERATIVA ESPECIALIZADA DE TRANSPORTE Y SERVICIOS LA ERMITA LTDA. | D97: 890303525 | E97: CALLE 31 # 2BN-106 | F97: HERNAN PLAZA | G97: 14931068 | H97: LA CRUZ | I97: 202441520100121562 | J97: 45601 | M97: En estudio | N97: PAOLA ANDREA MATAMOROS | O97: NINGUNA | P97: EMPRESA | Q97: PROCESO TERMINADO
A98: 45608 | B98: WLJ322 | C98: COOPERATIVA ESPECIALIZADA DE TRANSPORTE Y SERVICIOS LA ERMITA LTDA. | D98: 890303525 | E98: CALLE 31 # 2BN-106 | F98: JAVIER CARABALI MOLINA | G98: 16663982 | H98: CALLE 42 No. 86-85 | I98: 202441520100121672 | J98: 45601 | K98: 4152.010.21.0.18913 | L98: 45656 | M98: Si se concede | N98: PAOLA ANDREA MATAMOROS | O98: NINGUNA | P98: EMPRESA | Q98: PROCESO TERMINADO
A99: 45608 | B99: VBX834 | C99: COOPERATIVA ESPECIALIZADA DE TRANSPORTE Y SERVICIOS LA ERMITA LTDA. | D99: 890303525 | E99: CALLE 31 # 2BN-106 | F99: MARIA EUGENIA MUÑOZ | G99: 31964671 | H99: CALLE 36 No. 17-05 | I99: 202441520100121682 | J99: 45601 | K99: 4152.010.21.0.18910 | L99: 45656 | M99: Si se concede | N99: PAOLA ANDREA MATAMOROS | O99: NINGUNA | P99: EMPRESA | Q99: PROCESO TERMINADO
A100: 45608 | B100: VBC902 | C100: COOPERATIVA ESPECIALIZADA DE TRANSPORTE Y SERVICIOS LA ERMITA LTDA. | D100: 890303525 | E100: CALLE 31 # 2BN-106 | F100: GLORIA EDNA BOLIVAR JIMENEZ | G100: 31272987 | H100: SIN REGISTRO | I100: 202441520100121662 | J100: 45601 | M100: En estudio | N100: PAOLA ANDREA MATAMOROS | O100: NINGUNA | P100: EMPRESA | Q100: PROCESO TERMINADO
A101: 45608 | B101: RCB168 | C101: COOPERATIVA ESPECIALIZADA DE TRANSPORTE Y SERVICIOS LA ERMITA LTDA. | D101: 890303525 | E101: CALLE 31 # 2BN-106 | F101: LUIS ERNESTO MARROQUIN MARROQUIN | G101: 6048140 | H101: AV 15 OE No. 15-70 | I101: 202441520100121622 | J101: 45601 | K101: 4152.010.21.0.18914 | L101: 45656 | M101: Si se concede | N101: PAOLA ANDREA MATAMOROS | O101: NINGUNA | P101: EMPRESA | Q101: PROCESO TERMINADO
A102: 45608 | B102: MBA562 | C102: COOPERATIVA ESPECIALIZADA DE TRANSPORTE Y SERVICIOS LA ERMITA LTDA. | D102: 890303525 | E102: CALLE 31 # 2BN-106 | F102: RAFAEL NOE FIGUEROA | G102: 6402051 | H102: CALLE 77 No. 26 S -31 | I102: 202441520100121522 | J102: 45601 | K102: 4152.010.21.0.18909 | L102: 45656 | M102: Si se concede | N102: PAOLA ANDREA MATAMOROS | O102: NINGUNA | P102: EMPRESA | Q102: PROCESO TERMINADO
A103: 45608 | B103: LKE161 | C103: COOPERATIVA ESPECIALIZADA DE TRANSPORTE Y SERVICIOS LA ERMITA LTDA. | D103: 890303525 | E103: CALLE 31 # 2BN-106 | F103: LUIS ERNESTO MARROQUIN MARROQUIN | G103: 6048140 | H103: AV 15 OE No. 15-70 | I103: 202441520100121602 | J103: 45601 | K103: 4152.010.21.0.18912 | L103: 45656 | M103: Si se concede | N103: PAOLA ANDREA MATAMOROS | O103: NINGUNA | P103: EMPRESA | Q103: PROCESO TERMINADO
A104: 45608 | B104: NNE072 | C104: COOPERATIVA ESPECIALIZADA DE TRANSPORTE Y SERVICIOS LA ERMITA LTDA. | D104: 890303525 | E104: CALLE 31 # 2BN-106 | F104: FABIAN DAVALOS QUINTERO | G104: 16721304 | H104: CALLE 8 ESTE 36-10 | I104: 202441520100121542 | J104: 45601 | K104: 4152.010.21.0.18911 | L104: 45656 | M104: Si se concede | N104: PAOLA ANDREA MATAMOROS | O104: NINGUNA | P104: EMPRESA | Q104: PROCESO TERMINADO
...

Sheet DATOS
A1: EMPRESA | B1: NIT | C1: DIRECCIÓN | D1: FUNCIONARIOS | E1: SOLICITANTE | F1: ESTADO | G1: OBSERVACIÓN
A2: AUTOS Y TAXIS MORALES GOMEZ Y CIA LTDA. | B2: 805027885 | D2: ALVARO HERNAN LOSADA | E2: EMPRESA | F2: REQUERIMIENTO A SOLICITANTE | G2: No se concede
A3: BLANCO Y NEGRO MASIVO S.A. | B3: 900007044 | C3: AVENIDA VASQUEZ COBO # 23N-59 | D3: ARCHIVO GESTIÓN DOCUMENTAL | E3: PROPIETARIO | F3: TRASLADO A EMPRESA | G3: Si se concede
A4: CIA TRANSPORTADORA VERDE BRETAÑA S,A. | B4: 890300483 | C4: CALLE 51 # 41D-33 | D4: DIEGO TRUJILLO | E4: MUTUO ACUERDO | F4: TRASLADO A PROPIETARIO | G4: En estudio
A5: COOPERATIVA DE TRANSPORTADORES CALIPUERTO LTDA. | B5: 890310476 | C5: CALLE 31 # 12-27 BENJAMIN HERRERA | D5: GESTIÓN DOCUMENTAL | F5: PROYECCIÓN DE RESOLUCIÓN | G5: Desistimiento Tacito
A6: COOPERATIVA DE TRANSPORTADORES SOLIDARIOS | B6: 800150374 | C6: CARRERA 70 # 1-36 OESTE | D6: GUSTAVO RAMIREZ CASAÑAS | F6: NOTIFICACIÓN DE RESOLUCIÓN | G6: RECURSO- SE REPONE
A7: COOPERATIVA DE TRANSPORTADORES UNIDOS COOTRANSUNIDOS | B7: 805005911 | C7: CALLE 1 OESTE # 52-01 | D7: JAVIER MEDINA HERRERA | F7: TRASLADO A REGISTRO AUTOMOTOR | G7: RECURSO- NO SE REPONE
A8: COOPERATIVA DE TRANSPORTE MIXTO DE CAMPEROS | B8: 900298380 | D8: JOHN JAIRO MONTOYA R. | F8: PROCESO TERMINADO
A9: COOPERATIVA ESPECIALIZADA DE TRANSPORTE Y SERVICIOS LA ERMITA LTDA. | B9: 890303525 | C9: CALLE 31 # 2BN-106 | D9: JOSE CARLOS ORTEGÓN | F9: RESPUESTA
A10: COOPERATIVA ESPECIALIZADA DE TRANSPORTES COOMOEPAL | B10: 890303081 | C10: CALLE 5 # 61-89 LOCAL 8 CC CAÑAVERALEJO | D10: JOSUA GIL | F10: EN ESTUDIO
A11: COOPERATIVA INTEGRAL DE TRANSPORTADORES TAXIS EL TRIUNFO | B11: 890304705 | C11: CARRERA 44 # 15-57 | D11: LEONARDO MOLINA | F11: NOTIFICACION DE RESPUESTA
A12: COOPERATIVA INTEGRAL DE TRANSPORTADORES TROPICANA LTDA. | B12: 890303967 | C12: CARRERA 33 # 14-05 | D12: LUIS FERNANDO GIL R. | F12: NOTIFICACION RECURSO
A13: COOPERATIVA INTEGRAL DE TRANSPORTES FLORIDA CALI LTDA. | B13: 890302797 | C13: CALLE 30 # 2BN-42 LOCAL 625 | D13: PAOLA ANDREA MATAMOROS | F13: EN VoBo Y FIRMA DESPACHO
A14: COOPERATIVA MULTIACTIVA AL SERVICIO DE LA INDUSTRIA DEL TRANSPORTE EN AMERICA COOPAMER | B14: SUPERINTENDENCIA | D14: ROCIÓ RAMIREZ ACOSTA | F14: MEDIDAS CAUTELARES
A15: COOPERATIVA MULTIACTIVA DE LOS TAXISTAS DEL AEROPUERTO DE PALMASECA LTDA COOPTAXPAL | B15: 890320646 | D15: SANDRA TRIANA
A16: COOPERATIVA MULTIACTIVA DE TRANSPORTADORES SINDIUNION LTDA. | B16: 800084136 | C16: TRANSVERSAL 25 # 23-16 | D16: YADIRA TAVERA
A17: COSMOTAXIS S.A.S. SOCIEDAD POR ACCIONES SIMPLIFICADA | B17: 900783557 | D17: YEANA ESPAÑA
A18: EL MUNDO DE LOS TAXIS LTDA. | B18: 805029930 | C18: CALLE 25 N # 2 DN-07 | D18: LAURA CARVAJAL
A19: EMP. ESPECIALES GYG S.A.S | B19: SUPERINTENDENCIA | D19: ISABEL HERRERA QUINTERO
A20: EMPRESA DE TRANSPORTADORES UNION DE TAXISTAS S.A. | B20: 891901074 | C20: CALLE 5A # 23-08 | D20: DAVID PANESSO
A21: EMPRESA DE TRANSPORTE MASIVO ETM S.A. | B21: 900100778 | C21: AVENIDA VASQUEZ COBO # 23N-59 | D21: ANGIE CRISTINA JARA VIAFARA
A22: EMPRESA DE TRANSPORTE RIO CALI S.A. | B22: 800125299 | C22: CALLE 36 # 10-451 ACOPI-YUMBO | D22: WILMER BURBANO
A23: EMPRESA DE TRANSPORTES AMARILLO LIMITADA | B23: 900078188 | C23: CARRERA 50 # 14A-79 | D23: LUCIA GUINETH BELTRÁN HUERTAS
A24: EMPRESA DE TRANSPORTES CAÑAVERAL S.A. | B24: 800109341 | D24: DARLY BANESSA SUAREZ CARMONA
A25: EMPRESA DE TRANSPORTES DE TAXIS SINTRANSPUBLIC S.A. | B25: 890306749 | C25: CALLE 5A # 22-36 | D25: MARIA CAMILA CASTAÑEDA
A26: EMPRESA DE TRANSPORTES SANTIAGO DE CALI ALAMEDA S.A. | B26: 890301295 | C26: CARRERA 70 # 1-71 | D26: BLANCA LILIANA CHAVEZ PANTOJA
A27: EMPRESA DE TRANSPORTES SULTANA DEL VALLE S.A.S. | B27: 890301296
A28: EMPRESA DE TRANSPORTES VILLANUEVA BELEN LIMITADA | B28: 890301786 | C28: CARRERA 29 # 46A -50
A29: GRUPO INTEGRADO DE TRANSPORTA MASIVO S.A. | B29: 900099310 | C29: AVENIDA VASQUEZ COBO # 23N-59
A30: J@J REPRESENTACIONES LTDA. | B30: 805027566
A31: LINEAS CALIFORNIA SOCIEDAD POR ACCIONES SIMPLIFICADA | B31: 900178594 | C31: CALLE 70 # 7B-03
A32: RADIO TAXI AEROPUERTO S.A. | B32: 860531135 | C32: CALLE 52 # 1B-160
A33: RADIO TAXI FUNDADORES S.A. | B33: 900074269 | C33: TRANSVERSAL 25 # 23-16
A34: SERVINTEGRADOS DEL VALLE | B34: 900147633
A35: SETRANS S.A | B35: SUPERINTENDENCIA
A36: T. ESPECIALES EVEREST | B36: SUPERINTENDENCIA
A37: TAX EMPERADOR S.A.S. | B37: 890307467 | C37: CARRERA 70 # 1-36 OESTE
A38: TAX EXPRESS CALI S.A.S. | B38: 900841089 | C38: CALLE 13 # 32-81
A39: TAX RIOS S.A. | B39: 890301026 | C39: CALLE 13 # 32-81
A40: TAXIS DE ORIENTE S.A. | B40: 900189781
A41: TAXIS VALCALI S.A. | B41: 890308720 | C41: TRANSVERSAL 30 # 17F-174
A42: TAXIS Y AUTOS CALI S.A.S. | B42: 805013516 | C42: AVENIDA 3N # 39N-35
A43: TORO AUTOS S.A.S. | B43: 800007748 | C43: AVENIDA VASQUEZ COBO # 25N-68
A44: TRANSP. ESP. DE TURISMO TURISVAL | B44: SUPERINTENDENCIA
A45: TRANSP. ESPECIALES LINEA DORADA | B45: SUPERINTENDENCIA
A46: TRANSP. ESPECIALES YUMBO S.A.S | B46: SUPERINTENDENCIA
A47: TRANSPORTADORA EL PRADO LIMITADA | B47: 805010048 | C47: TRANSVERSAL 25 # 23-16
A48: TRANSPORTE DECEPAZ S.A.S. | B48: 805004896 | C48: CARRERA 28 E5 # 123A-03
A49: TRANSPORTES ESPECIALES TRES PERLAS | B49: SUPERINTENDENCIA
A50: TRANSPORTES LA ESTRELLA S.A. | B50: 800228741 | C50: CALLE 1A # 53-120
A51: TRANSPORTES MONTEBELLO S.A. | B51: 800004283 | C51: CALLE 30 # 2BN-42 LOCAL 302 TERMINAL
A52: TRANSPORTES RECREATIVOS LTDA. | B52: 800055154 | C52: CARRERA 32 # 16-17 ACOPI-YUMBO
A53: UNION METROPOLITANA DE TRANSPORTADORES S.A. UNIMETRO S.A. | B53: 805025780 | C53: AVENIDA VASQUEZ COBO # 23N-59
A54: SERVITAXIS YUMBO S.A | B54: SUPERINTENDENCIA
A55: TRANSP. VELASCO GONZALEZ | B55: SUPERINTENDENCIA
A56: SIN DATOS DE AFILIACIÓN | B56: SUPERINTENDENCIA
A57: COOPERATIVA MULTIATIVA DE TRANSPORTE ESPECIAL | B57: SUPERINTENDENCIA
A58: TRANSPORTES CALICONFORT | B58: SUPERINTENDENCIA
A59: TRANSPORTES TRAVEL EXPRES | B59: SUPERINTENDENCIA
A60: COOPERATIVA DE TRANSPORTE ESPECIAL COLOMBIA | B60: SUPERINTENDENCIA
A61: TRANSPORTES ESPECIALES CRISTO REY | B61: SUPERINTENDENCIA
A62: TRANSPORTE SERVI TEAMS S.A.S | B62: SUPERINTENDENCIA
A63: TRANSPORTES DOYFI S.A.S | B63: SUPERINTENDENCIA
A64: VIAJES LA NUEVA COLOMBIA | B64: SUPERINTENDENCIA
A65: GRUPO EMPRESARIAL TRANSJORDANIA | B65: SUPERINTENDENCIA
... A155: CAR INDUSTRIAS DE YUMBO | B155: SUPERINTENDENCIA
A156: NINGUNA
A157: COTRANDER
